{
    "name": "Spot",
    "happiness": 100.04708611011505,
    "hunger": 100,
    "energy": 99.70000000000002,
    "position": [
        1,
        0
    ],
    "last_play_time": 1725287708.2873793
}